{
  "IcoMoonType": "selection",
  "icons": [
    {
      "icon": {
        "paths": [
          "M755.188 64c148.382 0 268.812 120.44 268.812 268.832 0 292.21-315.824 382.842-511.978 679.418-207.522-298.424-512.022-377.572-512.022-679.418 0-148.392 120.426-268.832 268.808-268.832 60.354 0 115.99 27.53 160.796 67.834l-77.604 124.166 224 128-128 320 352-384-224-128 61.896-92.846c35.42-21.768 75.21-35.154 117.292-35.154z"
        ],
        "tags": [
          "heart-broken",
          "heart",
          "like",
          "love"
        ],
        "defaultCode": 59867,
        "grid": 16,
        "attrs": []
      },
      "attrs": [],
      "properties": {
        "ligatures": "heart-broken, heart2",
        "name": "heart-broken",
        "order": 5,
        "id": 220,
        "prevSize": 32,
        "code": 59867
      },
      "setIdx": 0,
      "setId": 1,
      "iconIdx": 219
    }
  ],
  "height": 1024,
  "metadata": {
    "name": "icomoon"
  },
  "preferences": {
    "showGlyphs": true,
    "showQuickUse": true,
    "showQuickUse2": true,
    "showSVGs": true,
    "fontPref": {
      "prefix": "icon-",
      "metadata": {
        "fontFamily": "icomoon"
      },
      "metrics": {
        "emSize": 1024,
        "baseline": 6.25,
        "whitespace": 50
      },
      "embed": false
    },
    "imagePref": {
      "prefix": "icon-",
      "png": true,
      "useClassSelector": true,
      "color": 0,
      "bgColor": 16777215,
      "classSelector": ".icon"
    },
    "historySize": 50,
    "showCodes": true,
    "gridSize": 16
  }
}